Comment,Designator,Footprint,LCSC,Quantity
1k,"R28,R30",R0402,C11702,2
50m,R19,RESC3115X65N,C127691,1
SLM6600,U2,SOP8_4X5P1-1P27_SOI,C130316,1
10p,"C1,C10,C11,C20,C24,C9",CAPC1608X90N,C13585,6
AO3401A,"Q5,Q6",SOT95P280X125-3N,C15127,2
47n,C15,CAPC1608X90N,C1622,1
1.2µ,"L4,L5",IND_FXL0420_CMT,C167204,2
10n,"C5,C6",CAPC2012X75N,C1710,2
150k,"R13,R21",RESC2012X65N,C17470,2
220k,"R12,R17",RESC2012X65N,C17556,2
33k,R25,RESC2012X65N,C17633,1
470k,R18,RESC2012X65N,C17709,1
47k,R11,RESC2012X65N,C17713,1
68k,R26,RESC2012X65N,C17801,1
100k,R10,RESC3115X65N,C17900,1
100,"R14,R15",RESC3115X65N,C17901,2
1M,"R4,R5",RESC3115X65N,C17927,2
1,"R6,R7",RESC3115X65N,C17928,2
4k7,"R20,R3",RESC3115X65N,C17936,2
1u,C23,C1206,C1848,1
AO3400A,"Q1,Q2",SOT95P280X125-3N,C20917,2
HUSB237-AA001-DN06R,U1,TDFN-6_L2.0-W2.0-P0.65-TL-EP,C22373734,1
KT-0603R,LED2,LED0603-RD,C2286,1
0805G (Green),LED1,LED0805-R-RD,C2297,1
75k,R29,R0603,C23242,1
100n,"C18,C19,C7",CAPC3216X100N,C24497,3
400m,"R8,R9",RESC3115X65N,C247521,2
3k3,R27,R0402,C25890,1
5k6,R16,R0402,C25908,1
TYPE-C16PIN,J2,CONN16_C16PIN_SHN,C393939,1
2u2,L2,L0805,C41651,1
22µ,"C17,C21,C22,C3",CAPC2012X140N,C45783,4
1MS1T1B1M1QES-5,SW1,SW-TH_1MS1T1B1M1QES-5,C496154,1
2.2µ,"C13,C14,C2",CAPC3216X180N,C50254,3
DRV8833PWPR,"IC1,IC2",SOP65P640X120-16N,C50506,2
IRLML6344TRPBF,Q3,IRLML6344TRPBF_INF,C53550,1
TPS62067DSGR,IC3,SON50P200X200X80-9N,C7098,1
TPS61088RHLR,IC7,RHL_R-PVQFN-N20__1,C87357,1
INA219AIDCNR,IC5,SOP65P280X145-8N,C87469,1
1n,C16,CAPC3215X163N,C9196,1
